-- ============================================================
-- Data Dictionary Demo — H2 Init Script (zero-config dev mode)
-- Set spring.sql.init.schema-locations=classpath:sql/init-h2.sql
-- and datasource.url=jdbc:h2:mem:datadict;MODE=Oracle;DB_CLOSE_DELAY=-1
-- ============================================================

CREATE TABLE DICT_TYPE (
    ID          VARCHAR(32) PRIMARY KEY,
    TYPE_CODE   VARCHAR(64) NOT NULL UNIQUE,
    TYPE_NAME   VARCHAR(128) NOT NULL,
    TABLE_NAME  VARCHAR(64) NOT NULL,
    CREATED_AT  TIMESTAMP DEFAULT CURRENT_TIMESTAMP,
    UPDATED_AT  TIMESTAMP DEFAULT CURRENT_TIMESTAMP
);

CREATE TABLE DICT_FIELD (
    ID          VARCHAR(32) PRIMARY KEY,
    TYPE_ID     VARCHAR(32) NOT NULL,
    FIELD_CODE  VARCHAR(64) NOT NULL,
    FIELD_NAME  VARCHAR(128) NOT NULL,
    FIELD_TYPE  VARCHAR(32) NOT NULL,
    COLUMN_NAME VARCHAR(64) NOT NULL,
    SORT_ORDER  INT DEFAULT 0,
    IS_REQUIRED CHAR(1) DEFAULT '0',
    CREATED_AT  TIMESTAMP DEFAULT CURRENT_TIMESTAMP,
    FOREIGN KEY (TYPE_ID) REFERENCES DICT_TYPE(ID)
);

CREATE TABLE DICT_TAG (
    ID          VARCHAR(32) PRIMARY KEY,
    TAG_NAME    VARCHAR(64) NOT NULL UNIQUE,
    CREATED_AT  TIMESTAMP DEFAULT CURRENT_TIMESTAMP
);

CREATE TABLE DICT_ENTRY_TAG (
    ID          VARCHAR(32) PRIMARY KEY,
    TYPE_ID     VARCHAR(32) NOT NULL,
    ENTRY_ID    VARCHAR(32) NOT NULL,
    TAG_ID      VARCHAR(32) NOT NULL,
    FOREIGN KEY (TYPE_ID) REFERENCES DICT_TYPE(ID),
    FOREIGN KEY (TAG_ID) REFERENCES DICT_TAG(ID),
    UNIQUE (TYPE_ID, ENTRY_ID, TAG_ID)
);

CREATE TABLE T_PRODUCT (
    ID          VARCHAR(32) PRIMARY KEY, ENTRY_NAME VARCHAR(256) NOT NULL,
    C_PRICE     DECIMAL(18,4), C_DESC VARCHAR(4000),
    CREATED_AT  TIMESTAMP DEFAULT CURRENT_TIMESTAMP,
    UPDATED_AT  TIMESTAMP DEFAULT CURRENT_TIMESTAMP
);

CREATE TABLE T_CUSTOMER (
    ID          VARCHAR(32) PRIMARY KEY, ENTRY_NAME VARCHAR(256) NOT NULL,
    C_PHONE     VARCHAR(20), C_EMAIL VARCHAR(128), C_COMPANY VARCHAR(256),
    C_AGE       INT, C_VIP_LEVEL INT, C_BIRTHDAY DATE, C_IS_ACTIVE CHAR(1),
    CREATED_AT  TIMESTAMP DEFAULT CURRENT_TIMESTAMP,
    UPDATED_AT  TIMESTAMP DEFAULT CURRENT_TIMESTAMP
);

CREATE TABLE T_CONTRACT (
    ID          VARCHAR(32) PRIMARY KEY, ENTRY_NAME VARCHAR(256) NOT NULL,
    C_PARTY_A   VARCHAR(256), C_PARTY_B VARCHAR(256), C_AMOUNT DECIMAL(18,2),
    C_SIGN_DATE DATE, C_EXPIRE_DATE DATE, C_IS_SEALED CHAR(1),
    C_FILE_URL  VARCHAR(512), C_REMARK VARCHAR(4000),
    CREATED_AT  TIMESTAMP DEFAULT CURRENT_TIMESTAMP,
    UPDATED_AT  TIMESTAMP DEFAULT CURRENT_TIMESTAMP
);

CREATE TABLE T_FIELD_OPTION (
    ID          VARCHAR(32) PRIMARY KEY, ENTRY_NAME VARCHAR(256) NOT NULL,
    C_FIELD_ID  VARCHAR(64), C_FIELD_NAME VARCHAR(128), C_VALUE VARCHAR(256),
    C_LABEL     VARCHAR(256), C_DESCRIPTION VARCHAR(1000),
    C_SORT_ORDER INT, C_IS_ACTIVE CHAR(1),
    CREATED_AT  TIMESTAMP DEFAULT CURRENT_TIMESTAMP,
    UPDATED_AT  TIMESTAMP DEFAULT CURRENT_TIMESTAMP
);

CREATE TABLE T_FIELD_MAPPING (
    ID          VARCHAR(32) PRIMARY KEY, ENTRY_NAME VARCHAR(256) NOT NULL,
    C_SITE_ID   VARCHAR(64), C_LOCAL_FIELD VARCHAR(128),
    C_REMOTE_FIELD_ID VARCHAR(128), C_REMOTE_FIELD_NAME VARCHAR(256),
    C_FIELD_TYPE VARCHAR(64),
    CREATED_AT  TIMESTAMP DEFAULT CURRENT_TIMESTAMP,
    UPDATED_AT  TIMESTAMP DEFAULT CURRENT_TIMESTAMP
);

CREATE TABLE T_APP_CODE (
    ID          VARCHAR(32) PRIMARY KEY, ENTRY_NAME VARCHAR(256) NOT NULL,
    C_APP_CODE  VARCHAR(64), C_APP_NAME VARCHAR(128), C_DESCRIPTION VARCHAR(1000),
    C_OWNER     VARCHAR(64), C_TEAM VARCHAR(128), C_LANGUAGE VARCHAR(32),
    C_REPO_URL  VARCHAR(512), C_DEPLOY_ENV VARCHAR(64), C_STATUS VARCHAR(32),
    C_RELEASE_DATE DATE,
    CREATED_AT  TIMESTAMP DEFAULT CURRENT_TIMESTAMP,
    UPDATED_AT  TIMESTAMP DEFAULT CURRENT_TIMESTAMP
);

CREATE TABLE T_CLA_PROJECT (
    ID          VARCHAR(32) PRIMARY KEY, ENTRY_NAME VARCHAR(256) NOT NULL,
    C_PROJECT_CODE VARCHAR(64), C_ORGANIZATION VARCHAR(256),
    C_MAINTAINER VARCHAR(64), C_LICENSE VARCHAR(128), C_REPO_URL VARCHAR(512),
    C_SIGN_DATE DATE, C_EXPIRE_DATE DATE, C_APPROVAL_STATUS VARCHAR(32),
    C_CLA_TYPE VARCHAR(32), C_SIGNATORY_COUNT INT, C_REMARK VARCHAR(4000),
    CREATED_AT  TIMESTAMP DEFAULT CURRENT_TIMESTAMP,
    UPDATED_AT  TIMESTAMP DEFAULT CURRENT_TIMESTAMP
);

-- Seed data (same as Oracle version, using single-row INSERTs)
INSERT INTO DICT_TYPE (ID, TYPE_CODE, TYPE_NAME, TABLE_NAME) VALUES ('type001', 'PRODUCT', 'Product', 'T_PRODUCT');
INSERT INTO DICT_TYPE (ID, TYPE_CODE, TYPE_NAME, TABLE_NAME) VALUES ('type002', 'CUSTOMER', 'Customer', 'T_CUSTOMER');
INSERT INTO DICT_TYPE (ID, TYPE_CODE, TYPE_NAME, TABLE_NAME) VALUES ('type003', 'CONTRACT', 'Contract', 'T_CONTRACT');
INSERT INTO DICT_TYPE (ID, TYPE_CODE, TYPE_NAME, TABLE_NAME) VALUES ('type004', 'FIELD_OPTION', 'Field Option', 'T_FIELD_OPTION');
INSERT INTO DICT_TYPE (ID, TYPE_CODE, TYPE_NAME, TABLE_NAME) VALUES ('type005', 'FIELD_MAPPING', 'Field Mapping', 'T_FIELD_MAPPING');
INSERT INTO DICT_TYPE (ID, TYPE_CODE, TYPE_NAME, TABLE_NAME) VALUES ('type006', 'APP_CODE', 'App Code', 'T_APP_CODE');
INSERT INTO DICT_TYPE (ID, TYPE_CODE, TYPE_NAME, TABLE_NAME) VALUES ('type007', 'CLA_PROJECT', 'CLA Project', 'T_CLA_PROJECT');

INSERT INTO DICT_FIELD (ID, TYPE_ID, FIELD_CODE, FIELD_NAME, FIELD_TYPE, COLUMN_NAME, SORT_ORDER, IS_REQUIRED) VALUES ('f001', 'type001', 'price', 'Price', 'NUMBER', 'C_PRICE', 1, '1');
INSERT INTO DICT_FIELD (ID, TYPE_ID, FIELD_CODE, FIELD_NAME, FIELD_TYPE, COLUMN_NAME, SORT_ORDER, IS_REQUIRED) VALUES ('f002', 'type001', 'description', 'Description', 'TEXT', 'C_DESC', 2, '0');
INSERT INTO DICT_FIELD (ID, TYPE_ID, FIELD_CODE, FIELD_NAME, FIELD_TYPE, COLUMN_NAME, SORT_ORDER, IS_REQUIRED) VALUES ('f003', 'type002', 'phone', 'Phone', 'TEXT', 'C_PHONE', 1, '1');
INSERT INTO DICT_FIELD (ID, TYPE_ID, FIELD_CODE, FIELD_NAME, FIELD_TYPE, COLUMN_NAME, SORT_ORDER, IS_REQUIRED) VALUES ('f004', 'type002', 'email', 'Email', 'TEXT', 'C_EMAIL', 2, '0');
INSERT INTO DICT_FIELD (ID, TYPE_ID, FIELD_CODE, FIELD_NAME, FIELD_TYPE, COLUMN_NAME, SORT_ORDER, IS_REQUIRED) VALUES ('f005', 'type002', 'company', 'Company', 'TEXT', 'C_COMPANY', 3, '0');
INSERT INTO DICT_FIELD (ID, TYPE_ID, FIELD_CODE, FIELD_NAME, FIELD_TYPE, COLUMN_NAME, SORT_ORDER, IS_REQUIRED) VALUES ('f006', 'type002', 'age', 'Age', 'NUMBER', 'C_AGE', 4, '0');
INSERT INTO DICT_FIELD (ID, TYPE_ID, FIELD_CODE, FIELD_NAME, FIELD_TYPE, COLUMN_NAME, SORT_ORDER, IS_REQUIRED) VALUES ('f007', 'type002', 'vipLevel', 'VIP Level', 'NUMBER', 'C_VIP_LEVEL', 5, '0');
INSERT INTO DICT_FIELD (ID, TYPE_ID, FIELD_CODE, FIELD_NAME, FIELD_TYPE, COLUMN_NAME, SORT_ORDER, IS_REQUIRED) VALUES ('f008', 'type002', 'birthday', 'Birthday', 'DATE', 'C_BIRTHDAY', 6, '0');
INSERT INTO DICT_FIELD (ID, TYPE_ID, FIELD_CODE, FIELD_NAME, FIELD_TYPE, COLUMN_NAME, SORT_ORDER, IS_REQUIRED) VALUES ('f009', 'type002', 'isActive', 'Is Active', 'BOOL', 'C_IS_ACTIVE', 7, '1');
INSERT INTO DICT_FIELD (ID, TYPE_ID, FIELD_CODE, FIELD_NAME, FIELD_TYPE, COLUMN_NAME, SORT_ORDER, IS_REQUIRED) VALUES ('f010', 'type003', 'partyA', 'Party A', 'TEXT', 'C_PARTY_A', 1, '1');
INSERT INTO DICT_FIELD (ID, TYPE_ID, FIELD_CODE, FIELD_NAME, FIELD_TYPE, COLUMN_NAME, SORT_ORDER, IS_REQUIRED) VALUES ('f011', 'type003', 'partyB', 'Party B', 'TEXT', 'C_PARTY_B', 2, '1');
INSERT INTO DICT_FIELD (ID, TYPE_ID, FIELD_CODE, FIELD_NAME, FIELD_TYPE, COLUMN_NAME, SORT_ORDER, IS_REQUIRED) VALUES ('f012', 'type003', 'amount', 'Amount', 'NUMBER', 'C_AMOUNT', 3, '1');
INSERT INTO DICT_FIELD (ID, TYPE_ID, FIELD_CODE, FIELD_NAME, FIELD_TYPE, COLUMN_NAME, SORT_ORDER, IS_REQUIRED) VALUES ('f013', 'type003', 'signDate', 'Sign Date', 'DATE', 'C_SIGN_DATE', 4, '1');
INSERT INTO DICT_FIELD (ID, TYPE_ID, FIELD_CODE, FIELD_NAME, FIELD_TYPE, COLUMN_NAME, SORT_ORDER, IS_REQUIRED) VALUES ('f014', 'type003', 'expireDate', 'Expiry Date', 'DATE', 'C_EXPIRE_DATE', 5, '0');
INSERT INTO DICT_FIELD (ID, TYPE_ID, FIELD_CODE, FIELD_NAME, FIELD_TYPE, COLUMN_NAME, SORT_ORDER, IS_REQUIRED) VALUES ('f015', 'type003', 'isSealed', 'Is Sealed', 'BOOL', 'C_IS_SEALED', 6, '0');
INSERT INTO DICT_FIELD (ID, TYPE_ID, FIELD_CODE, FIELD_NAME, FIELD_TYPE, COLUMN_NAME, SORT_ORDER, IS_REQUIRED) VALUES ('f016', 'type003', 'fileUrl', 'File URL', 'TEXT', 'C_FILE_URL', 7, '0');
INSERT INTO DICT_FIELD (ID, TYPE_ID, FIELD_CODE, FIELD_NAME, FIELD_TYPE, COLUMN_NAME, SORT_ORDER, IS_REQUIRED) VALUES ('f017', 'type003', 'remark', 'Remark', 'TEXT', 'C_REMARK', 8, '0');
INSERT INTO DICT_FIELD (ID, TYPE_ID, FIELD_CODE, FIELD_NAME, FIELD_TYPE, COLUMN_NAME, SORT_ORDER, IS_REQUIRED) VALUES ('f018', 'type004', 'fieldId', 'Field ID', 'TEXT', 'C_FIELD_ID', 1, '1');
INSERT INTO DICT_FIELD (ID, TYPE_ID, FIELD_CODE, FIELD_NAME, FIELD_TYPE, COLUMN_NAME, SORT_ORDER, IS_REQUIRED) VALUES ('f019', 'type004', 'fieldName', 'Field Name', 'TEXT', 'C_FIELD_NAME', 2, '0');
INSERT INTO DICT_FIELD (ID, TYPE_ID, FIELD_CODE, FIELD_NAME, FIELD_TYPE, COLUMN_NAME, SORT_ORDER, IS_REQUIRED) VALUES ('f020', 'type004', 'label', 'Label', 'TEXT', 'C_LABEL', 3, '1');
INSERT INTO DICT_FIELD (ID, TYPE_ID, FIELD_CODE, FIELD_NAME, FIELD_TYPE, COLUMN_NAME, SORT_ORDER, IS_REQUIRED) VALUES ('f021', 'type004', 'value', 'Value', 'TEXT', 'C_VALUE', 4, '1');
INSERT INTO DICT_FIELD (ID, TYPE_ID, FIELD_CODE, FIELD_NAME, FIELD_TYPE, COLUMN_NAME, SORT_ORDER, IS_REQUIRED) VALUES ('f022', 'type004', 'description', 'Description', 'TEXT', 'C_DESCRIPTION', 5, '0');
INSERT INTO DICT_FIELD (ID, TYPE_ID, FIELD_CODE, FIELD_NAME, FIELD_TYPE, COLUMN_NAME, SORT_ORDER, IS_REQUIRED) VALUES ('f023', 'type004', 'sortOrder', 'Sort Order', 'NUMBER', 'C_SORT_ORDER', 6, '0');
INSERT INTO DICT_FIELD (ID, TYPE_ID, FIELD_CODE, FIELD_NAME, FIELD_TYPE, COLUMN_NAME, SORT_ORDER, IS_REQUIRED) VALUES ('f024', 'type004', 'isActive', 'Is Active', 'BOOL', 'C_IS_ACTIVE', 7, '1');
INSERT INTO DICT_FIELD (ID, TYPE_ID, FIELD_CODE, FIELD_NAME, FIELD_TYPE, COLUMN_NAME, SORT_ORDER, IS_REQUIRED) VALUES ('f025', 'type005', 'siteId', 'Site ID', 'TEXT', 'C_SITE_ID', 1, '1');
INSERT INTO DICT_FIELD (ID, TYPE_ID, FIELD_CODE, FIELD_NAME, FIELD_TYPE, COLUMN_NAME, SORT_ORDER, IS_REQUIRED) VALUES ('f026', 'type005', 'localField', 'Local Field Name', 'TEXT', 'C_LOCAL_FIELD', 2, '1');
INSERT INTO DICT_FIELD (ID, TYPE_ID, FIELD_CODE, FIELD_NAME, FIELD_TYPE, COLUMN_NAME, SORT_ORDER, IS_REQUIRED) VALUES ('f027', 'type005', 'remoteFieldId', 'Remote Field ID', 'TEXT', 'C_REMOTE_FIELD_ID', 3, '1');
INSERT INTO DICT_FIELD (ID, TYPE_ID, FIELD_CODE, FIELD_NAME, FIELD_TYPE, COLUMN_NAME, SORT_ORDER, IS_REQUIRED) VALUES ('f028', 'type005', 'remoteFieldName', 'Remote Field Name', 'TEXT', 'C_REMOTE_FIELD_NAME', 4, '0');
INSERT INTO DICT_FIELD (ID, TYPE_ID, FIELD_CODE, FIELD_NAME, FIELD_TYPE, COLUMN_NAME, SORT_ORDER, IS_REQUIRED) VALUES ('f029', 'type005', 'fieldType', 'Field Type', 'TEXT', 'C_FIELD_TYPE', 5, '0');
INSERT INTO DICT_FIELD (ID, TYPE_ID, FIELD_CODE, FIELD_NAME, FIELD_TYPE, COLUMN_NAME, SORT_ORDER, IS_REQUIRED) VALUES ('f030', 'type006', 'appCode', 'App Code', 'TEXT', 'C_APP_CODE', 1, '1');
INSERT INTO DICT_FIELD (ID, TYPE_ID, FIELD_CODE, FIELD_NAME, FIELD_TYPE, COLUMN_NAME, SORT_ORDER, IS_REQUIRED) VALUES ('f031', 'type006', 'appName', 'App Name', 'TEXT', 'C_APP_NAME', 2, '1');
INSERT INTO DICT_FIELD (ID, TYPE_ID, FIELD_CODE, FIELD_NAME, FIELD_TYPE, COLUMN_NAME, SORT_ORDER, IS_REQUIRED) VALUES ('f032', 'type006', 'description', 'Description', 'TEXT', 'C_DESCRIPTION', 3, '0');
INSERT INTO DICT_FIELD (ID, TYPE_ID, FIELD_CODE, FIELD_NAME, FIELD_TYPE, COLUMN_NAME, SORT_ORDER, IS_REQUIRED) VALUES ('f033', 'type006', 'owner', 'Owner', 'TEXT', 'C_OWNER', 4, '1');
INSERT INTO DICT_FIELD (ID, TYPE_ID, FIELD_CODE, FIELD_NAME, FIELD_TYPE, COLUMN_NAME, SORT_ORDER, IS_REQUIRED) VALUES ('f034', 'type006', 'team', 'Team', 'TEXT', 'C_TEAM', 5, '0');
INSERT INTO DICT_FIELD (ID, TYPE_ID, FIELD_CODE, FIELD_NAME, FIELD_TYPE, COLUMN_NAME, SORT_ORDER, IS_REQUIRED) VALUES ('f035', 'type006', 'language', 'Language', 'TEXT', 'C_LANGUAGE', 6, '0');
INSERT INTO DICT_FIELD (ID, TYPE_ID, FIELD_CODE, FIELD_NAME, FIELD_TYPE, COLUMN_NAME, SORT_ORDER, IS_REQUIRED) VALUES ('f036', 'type006', 'repoUrl', 'Repository URL', 'TEXT', 'C_REPO_URL', 7, '0');
INSERT INTO DICT_FIELD (ID, TYPE_ID, FIELD_CODE, FIELD_NAME, FIELD_TYPE, COLUMN_NAME, SORT_ORDER, IS_REQUIRED) VALUES ('f037', 'type006', 'deployEnv', 'Deploy Env', 'TEXT', 'C_DEPLOY_ENV', 8, '0');
INSERT INTO DICT_FIELD (ID, TYPE_ID, FIELD_CODE, FIELD_NAME, FIELD_TYPE, COLUMN_NAME, SORT_ORDER, IS_REQUIRED) VALUES ('f038', 'type006', 'status', 'Status', 'TEXT', 'C_STATUS', 9, '1');
INSERT INTO DICT_FIELD (ID, TYPE_ID, FIELD_CODE, FIELD_NAME, FIELD_TYPE, COLUMN_NAME, SORT_ORDER, IS_REQUIRED) VALUES ('f039', 'type006', 'releaseDate', 'Release Date', 'DATE', 'C_RELEASE_DATE', 10, '0');
INSERT INTO DICT_FIELD (ID, TYPE_ID, FIELD_CODE, FIELD_NAME, FIELD_TYPE, COLUMN_NAME, SORT_ORDER, IS_REQUIRED) VALUES ('f040', 'type007', 'projectCode', 'Project Code', 'TEXT', 'C_PROJECT_CODE', 1, '1');
INSERT INTO DICT_FIELD (ID, TYPE_ID, FIELD_CODE, FIELD_NAME, FIELD_TYPE, COLUMN_NAME, SORT_ORDER, IS_REQUIRED) VALUES ('f041', 'type007', 'organization', 'Organization', 'TEXT', 'C_ORGANIZATION', 2, '1');
INSERT INTO DICT_FIELD (ID, TYPE_ID, FIELD_CODE, FIELD_NAME, FIELD_TYPE, COLUMN_NAME, SORT_ORDER, IS_REQUIRED) VALUES ('f042', 'type007', 'maintainer', 'Maintainer', 'TEXT', 'C_MAINTAINER', 3, '1');
INSERT INTO DICT_FIELD (ID, TYPE_ID, FIELD_CODE, FIELD_NAME, FIELD_TYPE, COLUMN_NAME, SORT_ORDER, IS_REQUIRED) VALUES ('f043', 'type007', 'license', 'License', 'TEXT', 'C_LICENSE', 4, '0');
INSERT INTO DICT_FIELD (ID, TYPE_ID, FIELD_CODE, FIELD_NAME, FIELD_TYPE, COLUMN_NAME, SORT_ORDER, IS_REQUIRED) VALUES ('f044', 'type007', 'repoUrl', 'Repository URL', 'TEXT', 'C_REPO_URL', 5, '0');
INSERT INTO DICT_FIELD (ID, TYPE_ID, FIELD_CODE, FIELD_NAME, FIELD_TYPE, COLUMN_NAME, SORT_ORDER, IS_REQUIRED) VALUES ('f045', 'type007', 'signDate', 'Sign Date', 'DATE', 'C_SIGN_DATE', 6, '0');
INSERT INTO DICT_FIELD (ID, TYPE_ID, FIELD_CODE, FIELD_NAME, FIELD_TYPE, COLUMN_NAME, SORT_ORDER, IS_REQUIRED) VALUES ('f046', 'type007', 'expireDate', 'Expiry Date', 'DATE', 'C_EXPIRE_DATE', 7, '0');
INSERT INTO DICT_FIELD (ID, TYPE_ID, FIELD_CODE, FIELD_NAME, FIELD_TYPE, COLUMN_NAME, SORT_ORDER, IS_REQUIRED) VALUES ('f047', 'type007', 'approvalStatus', 'Approval Status', 'TEXT', 'C_APPROVAL_STATUS', 8, '1');
INSERT INTO DICT_FIELD (ID, TYPE_ID, FIELD_CODE, FIELD_NAME, FIELD_TYPE, COLUMN_NAME, SORT_ORDER, IS_REQUIRED) VALUES ('f048', 'type007', 'claType', 'CLA Type', 'TEXT', 'C_CLA_TYPE', 9, '1');
INSERT INTO DICT_FIELD (ID, TYPE_ID, FIELD_CODE, FIELD_NAME, FIELD_TYPE, COLUMN_NAME, SORT_ORDER, IS_REQUIRED) VALUES ('f049', 'type007', 'signatoryCount', 'Signatory Count', 'NUMBER', 'C_SIGNATORY_COUNT', 10, '0');
INSERT INTO DICT_FIELD (ID, TYPE_ID, FIELD_CODE, FIELD_NAME, FIELD_TYPE, COLUMN_NAME, SORT_ORDER, IS_REQUIRED) VALUES ('f050', 'type007', 'remark', 'Remark', 'TEXT', 'C_REMARK', 11, '0');

INSERT INTO DICT_TAG (ID, TAG_NAME) VALUES ('tag001', 'Hot');
INSERT INTO DICT_TAG (ID, TAG_NAME) VALUES ('tag002', 'Cold');
INSERT INTO DICT_TAG (ID, TAG_NAME) VALUES ('tag003', 'VIP');
INSERT INTO DICT_TAG (ID, TAG_NAME) VALUES ('tag004', 'Important');
INSERT INTO DICT_TAG (ID, TAG_NAME) VALUES ('tag005', 'Expired');

INSERT INTO T_PRODUCT (ID, ENTRY_NAME, C_PRICE, C_DESC) VALUES ('p001', 'iPhone 15', 6999, 'Apple flagship phone');
INSERT INTO T_PRODUCT (ID, ENTRY_NAME, C_PRICE, C_DESC) VALUES ('p002', 'Huawei Mate 60', 5999, 'Huawei flagship phone');
INSERT INTO T_PRODUCT (ID, ENTRY_NAME, C_PRICE, C_DESC) VALUES ('p003', 'Xiaomi 14', 3999, 'Xiaomi annual flagship');

INSERT INTO T_CUSTOMER (ID, ENTRY_NAME, C_PHONE, C_EMAIL, C_COMPANY, C_AGE, C_VIP_LEVEL, C_BIRTHDAY, C_IS_ACTIVE) VALUES ('c001', 'Alice', '13800138000', 'alice@example.com', 'Alibaba', 28, 3, '1998-05-15', '1');
INSERT INTO T_CUSTOMER (ID, ENTRY_NAME, C_PHONE, C_EMAIL, C_COMPANY, C_AGE, C_VIP_LEVEL, C_BIRTHDAY, C_IS_ACTIVE) VALUES ('c002', 'Bob', '13900139000', 'bob@example.com', 'Tencent', 35, 5, '1991-08-20', '1');
INSERT INTO T_CUSTOMER (ID, ENTRY_NAME, C_PHONE, C_EMAIL, C_COMPANY, C_AGE, C_VIP_LEVEL, C_BIRTHDAY, C_IS_ACTIVE) VALUES ('c003', 'Carol', '13700137000', 'carol@example.com', 'ByteDance', 42, 2, '1984-11-03', '0');

INSERT INTO T_CONTRACT (ID, ENTRY_NAME, C_PARTY_A, C_PARTY_B, C_AMOUNT, C_SIGN_DATE, C_EXPIRE_DATE, C_IS_SEALED, C_FILE_URL, C_REMARK) VALUES ('ct001', 'Annual Procurement Agreement', 'Company A', 'Company B', 500000.00, '2026-01-15', '2026-12-31', '1', 'https://oss.example.com/file/ct001.pdf', 'Sealed and archived');
INSERT INTO T_CONTRACT (ID, ENTRY_NAME, C_PARTY_A, C_PARTY_B, C_AMOUNT, C_SIGN_DATE, C_EXPIRE_DATE, C_IS_SEALED, C_FILE_URL, C_REMARK) VALUES ('ct002', 'Technical Service Contract', 'Company C', 'Company D', 120000.00, '2026-03-01', '2027-02-28', '0', NULL, 'Awaiting both parties seal');

INSERT INTO T_FIELD_OPTION (ID, ENTRY_NAME, C_FIELD_ID, C_FIELD_NAME, C_VALUE, C_LABEL, C_DESCRIPTION, C_SORT_ORDER, C_IS_ACTIVE) VALUES ('fo001', 'Priority-High', 'customfield_10001', 'priority', 'high', 'High', 'Urgent attention', 1, '1');
INSERT INTO T_FIELD_OPTION (ID, ENTRY_NAME, C_FIELD_ID, C_FIELD_NAME, C_VALUE, C_LABEL, C_DESCRIPTION, C_SORT_ORDER, C_IS_ACTIVE) VALUES ('fo002', 'Priority-Medium', 'customfield_10001', 'priority', 'medium', 'Medium', 'Normal processing', 2, '1');
INSERT INTO T_FIELD_OPTION (ID, ENTRY_NAME, C_FIELD_ID, C_FIELD_NAME, C_VALUE, C_LABEL, C_DESCRIPTION, C_SORT_ORDER, C_IS_ACTIVE) VALUES ('fo003', 'Priority-Low', 'customfield_10001', 'priority', 'low', 'Low', 'Can be postponed', 3, '1');
INSERT INTO T_FIELD_OPTION (ID, ENTRY_NAME, C_FIELD_ID, C_FIELD_NAME, C_VALUE, C_LABEL, C_DESCRIPTION, C_SORT_ORDER, C_IS_ACTIVE) VALUES ('fo004', 'Status-Open', 'customfield_10002', 'status', 'open', 'Open', 'Default on create', 1, '1');
INSERT INTO T_FIELD_OPTION (ID, ENTRY_NAME, C_FIELD_ID, C_FIELD_NAME, C_VALUE, C_LABEL, C_DESCRIPTION, C_SORT_ORDER, C_IS_ACTIVE) VALUES ('fo005', 'Status-Closed', 'customfield_10002', 'status', 'closed', 'Closed', 'Terminal state', 2, '1');

INSERT INTO T_FIELD_MAPPING (ID, ENTRY_NAME, C_SITE_ID, C_LOCAL_FIELD, C_REMOTE_FIELD_ID, C_REMOTE_FIELD_NAME, C_FIELD_TYPE) VALUES ('fm001', 'Priority-JiraProd', 'jira-prod', 'priority', 'customfield_10001', 'Priority', 'select');
INSERT INTO T_FIELD_MAPPING (ID, ENTRY_NAME, C_SITE_ID, C_LOCAL_FIELD, C_REMOTE_FIELD_ID, C_REMOTE_FIELD_NAME, C_FIELD_TYPE) VALUES ('fm002', 'Status-JiraProd', 'jira-prod', 'status', 'customfield_10002', 'Status', 'select');
INSERT INTO T_FIELD_MAPPING (ID, ENTRY_NAME, C_SITE_ID, C_LOCAL_FIELD, C_REMOTE_FIELD_ID, C_REMOTE_FIELD_NAME, C_FIELD_TYPE) VALUES ('fm003', 'Priority-JiraTest', 'jira-test', 'priority', 'customfield_20005', 'Priority', 'select');
INSERT INTO T_FIELD_MAPPING (ID, ENTRY_NAME, C_SITE_ID, C_LOCAL_FIELD, C_REMOTE_FIELD_ID, C_REMOTE_FIELD_NAME, C_FIELD_TYPE) VALUES ('fm004', 'Status-JiraTest', 'jira-test', 'status', 'customfield_20008', 'Status', 'select');

INSERT INTO T_APP_CODE (ID, ENTRY_NAME, C_APP_CODE, C_APP_NAME, C_DESCRIPTION, C_OWNER, C_TEAM, C_LANGUAGE, C_REPO_URL, C_DEPLOY_ENV, C_STATUS, C_RELEASE_DATE) VALUES ('ac001', 'User Service', 'USER-SERVICE', 'User Service', 'Unified user management', 'Alice', 'Infra', 'Java', 'https://git.example.com/user-svc', 'K8s', 'Online', '2025-03-15');
INSERT INTO T_APP_CODE (ID, ENTRY_NAME, C_APP_CODE, C_APP_NAME, C_DESCRIPTION, C_OWNER, C_TEAM, C_LANGUAGE, C_REPO_URL, C_DEPLOY_ENV, C_STATUS, C_RELEASE_DATE) VALUES ('ac002', 'API Gateway', 'GATEWAY', 'API Gateway', 'Traffic ingress gateway', 'Bob', 'Infra', 'Go', 'https://git.example.com/gateway', 'K8s', 'Online', '2025-06-01');
INSERT INTO T_APP_CODE (ID, ENTRY_NAME, C_APP_CODE, C_APP_NAME, C_DESCRIPTION, C_OWNER, C_TEAM, C_LANGUAGE, C_REPO_URL, C_DEPLOY_ENV, C_STATUS, C_RELEASE_DATE) VALUES ('ac003', 'Data Analytics', 'DATA-ANALYTICS', 'Data Platform', 'BI and analytics platform', 'Carol', 'Data', 'Python', 'https://git.example.com/data-plat', 'ECS', 'Developing', NULL);

INSERT INTO T_CLA_PROJECT (ID, ENTRY_NAME, C_PROJECT_CODE, C_ORGANIZATION, C_MAINTAINER, C_LICENSE, C_REPO_URL, C_SIGN_DATE, C_EXPIRE_DATE, C_APPROVAL_STATUS, C_CLA_TYPE, C_SIGNATORY_COUNT, C_REMARK) VALUES ('cp001', 'Open Source Sky', 'SKY-CLA', 'Apache', 'Alice', 'Apache 2.0', 'https://git.example.com/sky', '2025-01-10', '2026-01-10', 'Approved', 'Corporate CLA', 45, 'Annual renewal done');
INSERT INTO T_CLA_PROJECT (ID, ENTRY_NAME, C_PROJECT_CODE, C_ORGANIZATION, C_MAINTAINER, C_LICENSE, C_REPO_URL, C_SIGN_DATE, C_EXPIRE_DATE, C_APPROVAL_STATUS, C_CLA_TYPE, C_SIGNATORY_COUNT, C_REMARK) VALUES ('cp002', 'Open Source Ocean', 'OCEAN-CLA', 'CNCF', 'Bob', 'MIT', 'https://git.example.com/ocean', '2025-06-20', '2026-06-20', 'Approved', 'Individual CLA', 120, NULL);
INSERT INTO T_CLA_PROJECT (ID, ENTRY_NAME, C_PROJECT_CODE, C_ORGANIZATION, C_MAINTAINER, C_LICENSE, C_REPO_URL, C_SIGN_DATE, C_EXPIRE_DATE, C_APPROVAL_STATUS, C_CLA_TYPE, C_SIGNATORY_COUNT, C_REMARK) VALUES ('cp003', 'Pending Project River', 'RIVER-CLA', 'Eclipse', 'Carol', 'EPL-2.0', 'https://git.example.com/river', NULL, NULL, 'Pending', 'Corporate CLA', 0, 'Awaiting legal review');

INSERT INTO DICT_ENTRY_TAG (ID, TYPE_ID, ENTRY_ID, TAG_ID) VALUES ('et01', 'type001', 'p001', 'tag001');
INSERT INTO DICT_ENTRY_TAG (ID, TYPE_ID, ENTRY_ID, TAG_ID) VALUES ('et02', 'type001', 'p001', 'tag003');
INSERT INTO DICT_ENTRY_TAG (ID, TYPE_ID, ENTRY_ID, TAG_ID) VALUES ('et03', 'type001', 'p002', 'tag001');
INSERT INTO DICT_ENTRY_TAG (ID, TYPE_ID, ENTRY_ID, TAG_ID) VALUES ('et04', 'type002', 'c001', 'tag003');
INSERT INTO DICT_ENTRY_TAG (ID, TYPE_ID, ENTRY_ID, TAG_ID) VALUES ('et05', 'type002', 'c001', 'tag004');
INSERT INTO DICT_ENTRY_TAG (ID, TYPE_ID, ENTRY_ID, TAG_ID) VALUES ('et06', 'type002', 'c002', 'tag004');
INSERT INTO DICT_ENTRY_TAG (ID, TYPE_ID, ENTRY_ID, TAG_ID) VALUES ('et07', 'type003', 'ct001', 'tag004');
INSERT INTO DICT_ENTRY_TAG (ID, TYPE_ID, ENTRY_ID, TAG_ID) VALUES ('et08', 'type003', 'ct002', 'tag002');
INSERT INTO DICT_ENTRY_TAG (ID, TYPE_ID, ENTRY_ID, TAG_ID) VALUES ('et09', 'type004', 'fo001', 'tag001');
INSERT INTO DICT_ENTRY_TAG (ID, TYPE_ID, ENTRY_ID, TAG_ID) VALUES ('et10', 'type005', 'fm001', 'tag004');
INSERT INTO DICT_ENTRY_TAG (ID, TYPE_ID, ENTRY_ID, TAG_ID) VALUES ('et11', 'type006', 'ac001', 'tag001');
INSERT INTO DICT_ENTRY_TAG (ID, TYPE_ID, ENTRY_ID, TAG_ID) VALUES ('et12', 'type006', 'ac001', 'tag004');
INSERT INTO DICT_ENTRY_TAG (ID, TYPE_ID, ENTRY_ID, TAG_ID) VALUES ('et13', 'type007', 'cp001', 'tag004');
INSERT INTO DICT_ENTRY_TAG (ID, TYPE_ID, ENTRY_ID, TAG_ID) VALUES ('et14', 'type007', 'cp003', 'tag002');
INSERT INTO DICT_ENTRY_TAG (ID, TYPE_ID, ENTRY_ID, TAG_ID) VALUES ('et15', 'type007', 'cp003', 'tag005');
